{"cameraMode":{"drawMode":0,"name":"Shaded","section":"Shading Mode"},"sceneLighting":true,"audioPlay":false,"sceneViewState":{"m_AlwaysRefresh":false,"showFog":true,"showSkybox":true,"showFlares":true,"showImageEffects":true,"showParticleSystems":true,"showVisualEffectGraphs":true,"m_FxEnabled":true},"in2DMode":false,"pivot":{"x":0.15293926000595094,"y":-0.09821820259094238,"z":0.12629956007003785},"rotation":{"x":0.21279208362102509,"y":0.3530343174934387,"z":-0.08295722305774689,"w":0.9074203968048096},"size":2.805202007293701,"orthographic":true}